﻿<?xml version="1.0" encoding="utf-8"?>
<ArrayOfUser xmlns:xsi="http://www.w3.org/2001/XMLSchema-instance" xmlns:xsd="http://www.w3.org/2001/XMLSchema">
  <User>
    <DisplayName>Castigador95</DisplayName>
    <RegisterDate>2020-03-20T17:20:22.554Z</RegisterDate>
    <DateOfBirth>2004-03-20T17:20:22.554Z</DateOfBirth>
    <Rank>Bronze</Rank>
    <ELO>2000</ELO>
  </User>
  <User>
    <DisplayName>Austin</DisplayName>
    <RegisterDate>2013-03-20T17:09:03.748Z</RegisterDate>
    <DateOfBirth>2000-06-16T17:09:03.748Z</DateOfBirth>
    <Rank>Gold</Rank>
    <ELO>1500</ELO>
  </User>
  <User>
    <DisplayName>chessplayer</DisplayName>
    <RegisterDate>2018-03-21T03:23:09.773Z</RegisterDate>
    <DateOfBirth>2010-03-21T03:23:09.773Z</DateOfBirth>
    <Rank>Diamond</Rank>
    <ELO>1200</ELO>
  </User>
</ArrayOfUser>